<?xml version="1.0" encoding="utf-8" ?>
<dwsync>
<file name="bullets.jpg" server="C:/xampp/htdocs/Dropbox/Symfony/web/" local="129905026320000000" remote="129905026320000000" Dst="0" />
<file name="left-arrow-small.png" server="C:/xampp/htdocs/Dropbox/Symfony/web/" local="129905026320000000" remote="129905026320000000" Dst="0" />
<file name="left-arrow.png" server="C:/xampp/htdocs/Dropbox/Symfony/web/" local="129905026320000000" remote="129905026320000000" Dst="0" />
<file name="loading.gif" server="C:/xampp/htdocs/Dropbox/Symfony/web/" local="129905026320000000" remote="129905026320000000" Dst="0" />
<file name="mask-black.png" server="C:/xampp/htdocs/Dropbox/Symfony/web/" local="129905026320000000" remote="129905026320000000" Dst="0" />
<file name="pause-black.png" server="C:/xampp/htdocs/Dropbox/Symfony/web/" local="129905026320000000" remote="129905026320000000" Dst="0" />
<file name="right-arrow-small.png" server="C:/xampp/htdocs/Dropbox/Symfony/web/" local="129905026320000000" remote="129905026320000000" Dst="0" />
<file name="right-arrow.png" server="C:/xampp/htdocs/Dropbox/Symfony/web/" local="129905026320000000" remote="129905026320000000" Dst="0" />
<file name="rotator-black.png" server="C:/xampp/htdocs/Dropbox/Symfony/web/" local="129905026320000000" remote="129905026320000000" Dst="0" />
<file name="timer-black.png" server="C:/xampp/htdocs/Dropbox/Symfony/web/" local="129905026320000000" remote="129905026320000000" Dst="0" />
</dwsync>