<?xml version="1.0" encoding="utf-8" ?>
<dwsync>
<file name=".htaccess" server="C:/xampp/htdocs/Dropbox/Symfony/web/" local="129926356900000000" remote="129926356900000000" Dst="0" />
<file name="app.php" server="C:/xampp/htdocs/Dropbox/Symfony/web/" local="129942162080000000" remote="129942162080000000" Dst="0" />
<file name="app_dev.php" server="C:/xampp/htdocs/Dropbox/Symfony/web/" local="129944626440000000" remote="129944626440000000" Dst="0" />
<file name="app_dev.php~" server="C:/xampp/htdocs/Dropbox/Symfony/web/" local="129944626280000000" remote="129944626280000000" Dst="0" />
<file name="apple-touch-icon.png" server="C:/xampp/htdocs/Dropbox/Symfony/web/" local="129926356900000000" remote="129926356900000000" Dst="0" />
<file name="config.php" server="C:/xampp/htdocs/Dropbox/Symfony/web/" local="129926357640000000" remote="129926357640000000" Dst="0" />
<file name="favicon.ico" server="C:/xampp/htdocs/Dropbox/Symfony/web/" local="129926356900000000" remote="129926356900000000" Dst="0" />
<file name="robots.txt" server="C:/xampp/htdocs/Dropbox/Symfony/web/" local="129926356900000000" remote="129926356900000000" Dst="0" />
</dwsync>