<?xml version="1.0" encoding="utf-8" ?>
<dwsync>
<file name="centurygothicagain.eot" server="C:/xampp/htdocs/Dropbox/Symfony/web/" local="129439942120000000" remote="129439942120000000" Dst="0" />
<file name="centurygothicagain.svg" server="C:/xampp/htdocs/Dropbox/Symfony/web/" local="129439942120000000" remote="129439942120000000" Dst="0" />
<file name="centurygothicagain.ttf" server="C:/xampp/htdocs/Dropbox/Symfony/web/" local="129439942120000000" remote="129439942120000000" Dst="0" />
<file name="centurygothicagain.woff" server="C:/xampp/htdocs/Dropbox/Symfony/web/" local="129439942120000000" remote="129439942120000000" Dst="0" />
<file name="Champagne___Limousines_Bold.eot" server="C:/xampp/htdocs/Dropbox/Symfony/web/" local="129828299580000000" remote="129828299580000000" Dst="0" />
<file name="Champagne___Limousines_Bold.svg" server="C:/xampp/htdocs/Dropbox/Symfony/web/" local="129828299640000000" remote="129828299640000000" Dst="0" />
<file name="Champagne___Limousines_Bold.ttf" server="C:/xampp/htdocs/Dropbox/Symfony/web/" local="129828299680000000" remote="129828299680000000" Dst="0" />
<file name="Champagne___Limousines_Bold.woff" server="C:/xampp/htdocs/Dropbox/Symfony/web/" local="129828299700000000" remote="129828299700000000" Dst="0" />
<file name="Champagne_Limousines.eot" server="C:/xampp/htdocs/Dropbox/Symfony/web/" local="129837798580000000" remote="129837798580000000" Dst="0" />
<file name="Champagne_Limousines.svg" server="C:/xampp/htdocs/Dropbox/Symfony/web/" local="129837798640000000" remote="129837798640000000" Dst="0" />
<file name="Champagne_Limousines.ttf" server="C:/xampp/htdocs/Dropbox/Symfony/web/" local="129837798660000000" remote="129837798660000000" Dst="0" />
<file name="Champagne_Limousines.woff" server="C:/xampp/htdocs/Dropbox/Symfony/web/" local="129837798680000000" remote="129837798680000000" Dst="0" />
<file name="segoeui.svg" server="C:/xampp/htdocs/Dropbox/Symfony/web/" local="129883904000000000" remote="129883904000000000" Dst="0" />
<file name="segoeui.ttf" server="C:/xampp/htdocs/Dropbox/Symfony/web/" local="129889245580000000" remote="129889245580000000" Dst="0" />
<file name="segoeui.woff" server="C:/xampp/htdocs/Dropbox/Symfony/web/" local="129889245580000000" remote="129889245580000000" Dst="0" />
<file name="segoeuib.svg" server="C:/xampp/htdocs/Dropbox/Symfony/web/" local="129889245580000000" remote="129889245580000000" Dst="0" />
<file name="segoeuib.ttf" server="C:/xampp/htdocs/Dropbox/Symfony/web/" local="129889245580000000" remote="129889245580000000" Dst="0" />
<file name="segoeuib.woff" server="C:/xampp/htdocs/Dropbox/Symfony/web/" local="129889245580000000" remote="129889245580000000" Dst="0" />
<file name="segoeuii.svg" server="C:/xampp/htdocs/Dropbox/Symfony/web/" local="129889245580000000" remote="129889245580000000" Dst="0" />
<file name="segoeuii.ttf" server="C:/xampp/htdocs/Dropbox/Symfony/web/" local="129889245580000000" remote="129889245580000000" Dst="0" />
<file name="segoeuii.woff" server="C:/xampp/htdocs/Dropbox/Symfony/web/" local="129889245580000000" remote="129889245580000000" Dst="0" />
<file name="segoeuil.svg" server="C:/xampp/htdocs/Dropbox/Symfony/web/" local="129889245580000000" remote="129889245580000000" Dst="0" />
<file name="segoeuil.ttf" server="C:/xampp/htdocs/Dropbox/Symfony/web/" local="129889245580000000" remote="129889245580000000" Dst="0" />
<file name="segoeuil.woff" server="C:/xampp/htdocs/Dropbox/Symfony/web/" local="129889245580000000" remote="129889245580000000" Dst="0" />
<file name="segoeuisl.svg" server="C:/xampp/htdocs/Dropbox/Symfony/web/" local="129889245580000000" remote="129889245580000000" Dst="0" />
<file name="segoeuisl.ttf" server="C:/xampp/htdocs/Dropbox/Symfony/web/" local="129889245580000000" remote="129889245580000000" Dst="0" />
<file name="segoeuisl.woff" server="C:/xampp/htdocs/Dropbox/Symfony/web/" local="129889245580000000" remote="129889245580000000" Dst="0" />
<file name="segoeuiz.svg" server="C:/xampp/htdocs/Dropbox/Symfony/web/" local="129889245580000000" remote="129889245580000000" Dst="0" />
<file name="segoeuiz.ttf" server="C:/xampp/htdocs/Dropbox/Symfony/web/" local="129889245580000000" remote="129889245580000000" Dst="0" />
<file name="segoeuiz.woff" server="C:/xampp/htdocs/Dropbox/Symfony/web/" local="129889245580000000" remote="129889245580000000" Dst="0" />
<file name="seguili.svg" server="C:/xampp/htdocs/Dropbox/Symfony/web/" local="129889245580000000" remote="129889245580000000" Dst="0" />
<file name="seguili.ttf" server="C:/xampp/htdocs/Dropbox/Symfony/web/" local="129889245580000000" remote="129889245580000000" Dst="0" />
<file name="seguili.woff" server="C:/xampp/htdocs/Dropbox/Symfony/web/" local="129889245580000000" remote="129889245580000000" Dst="0" />
<file name="seguisb.svg" server="C:/xampp/htdocs/Dropbox/Symfony/web/" local="129889245580000000" remote="129889245580000000" Dst="0" />
<file name="seguisb.ttf" server="C:/xampp/htdocs/Dropbox/Symfony/web/" local="129889245580000000" remote="129889245580000000" Dst="0" />
<file name="seguisb.woff" server="C:/xampp/htdocs/Dropbox/Symfony/web/" local="129889245580000000" remote="129889245580000000" Dst="0" />
<file name="seguisbi.svg" server="C:/xampp/htdocs/Dropbox/Symfony/web/" local="129889245580000000" remote="129889245580000000" Dst="0" />
<file name="seguisbi.ttf" server="C:/xampp/htdocs/Dropbox/Symfony/web/" local="129889245580000000" remote="129889245580000000" Dst="0" />
<file name="seguisbi.woff" server="C:/xampp/htdocs/Dropbox/Symfony/web/" local="129889245580000000" remote="129889245580000000" Dst="0" />
<file name="seguisli.svg" server="C:/xampp/htdocs/Dropbox/Symfony/web/" local="129889245580000000" remote="129889245580000000" Dst="0" />
<file name="seguisli.ttf" server="C:/xampp/htdocs/Dropbox/Symfony/web/" local="129889245580000000" remote="129889245580000000" Dst="0" />
</dwsync>