<?xml version="1.0" encoding="utf-8" ?>
<dwsync>
<file name="app.js" server="C:/xampp/htdocs/Dropbox/Symfony/web/" local="129905026320000000" remote="129905026320000000" Dst="0" />
<file name="foundation.min.js" server="C:/xampp/htdocs/Dropbox/Symfony/web/" local="129905026320000000" remote="129905026320000000" Dst="0" />
<file name="jquery.foundation.accordion.js" server="C:/xampp/htdocs/Dropbox/Symfony/web/" local="129905026320000000" remote="129905026320000000" Dst="0" />
<file name="jquery.foundation.alerts.js" server="C:/xampp/htdocs/Dropbox/Symfony/web/" local="129905026320000000" remote="129905026320000000" Dst="0" />
<file name="jquery.foundation.buttons.js" server="C:/xampp/htdocs/Dropbox/Symfony/web/" local="129905026320000000" remote="129905026320000000" Dst="0" />
<file name="jquery.foundation.forms.js" server="C:/xampp/htdocs/Dropbox/Symfony/web/" local="129905026320000000" remote="129905026320000000" Dst="0" />
<file name="jquery.foundation.mediaQueryToggle.js" server="C:/xampp/htdocs/Dropbox/Symfony/web/" local="129905026320000000" remote="129905026320000000" Dst="0" />
<file name="jquery.foundation.navigation.js" server="C:/xampp/htdocs/Dropbox/Symfony/web/" local="129905026320000000" remote="129905026320000000" Dst="0" />
<file name="jquery.foundation.orbit.js" server="C:/xampp/htdocs/Dropbox/Symfony/web/" local="129905026320000000" remote="129905026320000000" Dst="0" />
<file name="jquery.foundation.reveal.js" server="C:/xampp/htdocs/Dropbox/Symfony/web/" local="129905026320000000" remote="129905026320000000" Dst="0" />
<file name="jquery.foundation.tabs.js" server="C:/xampp/htdocs/Dropbox/Symfony/web/" local="129905026320000000" remote="129905026320000000" Dst="0" />
<file name="jquery.foundation.tooltips.js" server="C:/xampp/htdocs/Dropbox/Symfony/web/" local="129905026320000000" remote="129905026320000000" Dst="0" />
<file name="jquery.js" server="C:/xampp/htdocs/Dropbox/Symfony/web/" local="129905026320000000" remote="129905026320000000" Dst="0" />
<file name="jquery.placeholder.js" server="C:/xampp/htdocs/Dropbox/Symfony/web/" local="129905026320000000" remote="129905026320000000" Dst="0" />
<file name="modernizr.foundation.js" server="C:/xampp/htdocs/Dropbox/Symfony/web/" local="129905026320000000" remote="129905026320000000" Dst="0" />
</dwsync>